{
  "project_info": {
    "project_number": "966016670384",
    "project_id": "raychat-4f05e",
    "storage_bucket": "raychat-4f05e.appspot.com"
  },
  "client": [
    {
      "client_info": {
        "mobilesdk_app_id": "1:966016670384:android:d4fd6ceee0988501f87975",
        "android_client_info": {
          "package_name": "com.raywenderlich.RayChat"
        }
      },
      "oauth_client": [
        {
          "client_id": "966016670384-8e3gemkjcluvk1mlejjf9rec3umsgiek.apps.googleusercontent.com",
          "client_type": 3
        }
      ],
      "api_key": [
        {
          "current_key": "AIzaSyCyAE1pO3949Kpr58e4i-YwLm9Nq2o75mg"
        }
      ],
      "services": {
        "appinvite_service": {
          "other_platform_oauth_client": [
            {
              "client_id": "966016670384-8e3gemkjcluvk1mlejjf9rec3umsgiek.apps.googleusercontent.com",
              "client_type": 3
            }
          ]
        }
      }
    }
  ],
  "configuration_version": "1"
}